<?xml version="1.0" encoding="UTF-8" standalone="yes"?>
<addon id="plugin.program.strmteamtv" name="StrmTeam Wizard" version="3.0.2" provider-name="StrmTeam">
  <requires>
    <import addon="xbmc.python" version="2.1.0"/>
  </requires>
  <extension point="xbmc.python.pluginsource" library="default.py">
    <provides>executable</provides>
  </extension>
  <extension point="xbmc.service" library="startup.py" start="startup" />
  <extension point="xbmc.addon.metadata">
    <summary lang="en">StrmTeam Wizard</summary>
    <description lang="en">Strmteam Wizard allows you to get access to the latest StrmTeam Custom Builds.</description>
    <platform>all</platform>
  </extension>
</addon>